--------------------------------------------------------
--  File created - Monday-September-25-2023   
--------------------------------------------------------
--------------------------------------------------------
--  DDL for Table TAX
--------------------------------------------------------

  CREATE TABLE "SYS"."TAX" 
   (	"TAX_ID" NUMBER(20,0), 
	"TAX_NAME" VARCHAR2(90 BYTE), 
	"TAX_SHORT_NAME" VARCHAR2(15 BYTE), 
	"TAX_ACTIVE_DATE" DATE, 
	"TAX_INACTIVE_DATE" DATE DEFAULT TO_DATE('12/31/4712', 'MM/DD/YYYY'), 
	"TAX_LOCATION_ID" NUMBER(20,0)
   ) PCTFREE 10 PCTUSED 40 INITRANS 1 MAXTRANS 255 
 NOCOMPRESS LOGGING
  STORAGE(INITIAL 65536 NEXT 1048576 MINEXTENTS 1 MAXEXTENTS 2147483645
  PCTINCREASE 0 FREELISTS 1 FREELIST GROUPS 1
  BUFFER_POOL DEFAULT FLASH_CACHE DEFAULT CELL_FLASH_CACHE DEFAULT)
  TABLESPACE "SYSTEM" ;
--------------------------------------------------------
--  DDL for Table TAX_RATE
--------------------------------------------------------

  CREATE TABLE "SYS"."TAX_RATE" 
   (	"TR_ID" NUMBER(20,0), 
	"TR_TAX_ID" NUMBER(20,0), 
	"TR_RATE_PERCENT" NUMBER(9,5)
   ) PCTFREE 10 PCTUSED 40 INITRANS 1 MAXTRANS 255 
 NOCOMPRESS LOGGING
  STORAGE(INITIAL 65536 NEXT 1048576 MINEXTENTS 1 MAXEXTENTS 2147483645
  PCTINCREASE 0 FREELISTS 1 FREELIST GROUPS 1
  BUFFER_POOL DEFAULT FLASH_CACHE DEFAULT CELL_FLASH_CACHE DEFAULT)
  TABLESPACE "SYSTEM" ;
--------------------------------------------------------
--  DDL for Table LOCATION
--------------------------------------------------------

  CREATE TABLE "SYS"."LOCATION" 
   (	"LOCATION_ID" NUMBER(20,0), 
	"LOCATION_NAME" VARCHAR2(100 BYTE), 
	"LOCATION_SHORT_NAME" VARCHAR2(10 BYTE)
   ) PCTFREE 10 PCTUSED 40 INITRANS 1 MAXTRANS 255 
 NOCOMPRESS LOGGING
  STORAGE(INITIAL 65536 NEXT 1048576 MINEXTENTS 1 MAXEXTENTS 2147483645
  PCTINCREASE 0 FREELISTS 1 FREELIST GROUPS 1
  BUFFER_POOL DEFAULT FLASH_CACHE DEFAULT CELL_FLASH_CACHE DEFAULT)
  TABLESPACE "SYSTEM" ;
REM INSERTING into SYS.TAX
SET DEFINE OFF;
Insert into SYS.TAX (TAX_ID,TAX_NAME,TAX_SHORT_NAME,TAX_ACTIVE_DATE,TAX_INACTIVE_DATE,TAX_LOCATION_ID) values (2000003,'California Income Tax','CA IT',to_date('01-JUL-04','DD-MON-RR'),to_date('31-DEC-12','DD-MON-RR'),1000000);
Insert into SYS.TAX (TAX_ID,TAX_NAME,TAX_SHORT_NAME,TAX_ACTIVE_DATE,TAX_INACTIVE_DATE,TAX_LOCATION_ID) values (2000004,'California Unemployment Insurance','CA UI',to_date('01-JUL-04','DD-MON-RR'),to_date('31-DEC-12','DD-MON-RR'),1000000);
Insert into SYS.TAX (TAX_ID,TAX_NAME,TAX_SHORT_NAME,TAX_ACTIVE_DATE,TAX_INACTIVE_DATE,TAX_LOCATION_ID) values (2000005,'New York Income Tax','NY IT',to_date('01-OCT-03','DD-MON-RR'),to_date('31-DEC-12','DD-MON-RR'),1000001);
Insert into SYS.TAX (TAX_ID,TAX_NAME,TAX_SHORT_NAME,TAX_ACTIVE_DATE,TAX_INACTIVE_DATE,TAX_LOCATION_ID) values (2000006,'New York Unemployment Insurance','NY UI',to_date('01-OCT-03','DD-MON-RR'),to_date('31-DEC-12','DD-MON-RR'),1000001);
Insert into SYS.TAX (TAX_ID,TAX_NAME,TAX_SHORT_NAME,TAX_ACTIVE_DATE,TAX_INACTIVE_DATE,TAX_LOCATION_ID) values (2000007,'Federal Income Tax','FED IT',to_date('01-OCT-03','DD-MON-RR'),to_date('31-DEC-12','DD-MON-RR'),1000002);
Insert into SYS.TAX (TAX_ID,TAX_NAME,TAX_SHORT_NAME,TAX_ACTIVE_DATE,TAX_INACTIVE_DATE,TAX_LOCATION_ID) values (2000008,'Federal Unemployment Insurance','FED UI',to_date('01-OCT-03','DD-MON-RR'),to_date('31-DEC-12','DD-MON-RR'),1000002);
REM INSERTING into SYS.TAX_RATE
SET DEFINE OFF;
Insert into SYS.TAX_RATE (TR_ID,TR_TAX_ID,TR_RATE_PERCENT) values (30000,2000003,2.2);
Insert into SYS.TAX_RATE (TR_ID,TR_TAX_ID,TR_RATE_PERCENT) values (30000,2000003,2.2);
Insert into SYS.TAX_RATE (TR_ID,TR_TAX_ID,TR_RATE_PERCENT) values (30001,2000004,3.4);
Insert into SYS.TAX_RATE (TR_ID,TR_TAX_ID,TR_RATE_PERCENT) values (30002,2000005,6.25);
Insert into SYS.TAX_RATE (TR_ID,TR_TAX_ID,TR_RATE_PERCENT) values (30003,2000006,4.025);
Insert into SYS.TAX_RATE (TR_ID,TR_TAX_ID,TR_RATE_PERCENT) values (30004,2000007,22);
Insert into SYS.TAX_RATE (TR_ID,TR_TAX_ID,TR_RATE_PERCENT) values (30005,2000008,0.6);
REM INSERTING into SYS.LOCATION
SET DEFINE OFF;
Insert into SYS.LOCATION (LOCATION_ID,LOCATION_NAME,LOCATION_SHORT_NAME) values (1000000,'California','CA');
Insert into SYS.LOCATION (LOCATION_ID,LOCATION_NAME,LOCATION_SHORT_NAME) values (1000001,'New York','NY');
Insert into SYS.LOCATION (LOCATION_ID,LOCATION_NAME,LOCATION_SHORT_NAME) values (1000002,'United States','US');
--------------------------------------------------------
--  DDL for Index PK_TAX
--------------------------------------------------------

  CREATE UNIQUE INDEX "SYS"."PK_TAX" ON "SYS"."TAX" ("TAX_ID") 
  PCTFREE 10 INITRANS 2 MAXTRANS 255 COMPUTE STATISTICS 
  STORAGE(INITIAL 65536 NEXT 1048576 MINEXTENTS 1 MAXEXTENTS 2147483645
  PCTINCREASE 0 FREELISTS 1 FREELIST GROUPS 1
  BUFFER_POOL DEFAULT FLASH_CACHE DEFAULT CELL_FLASH_CACHE DEFAULT)
  TABLESPACE "SYSTEM" ;
--------------------------------------------------------
--  DDL for Index PK_LOCATION
--------------------------------------------------------

  CREATE UNIQUE INDEX "SYS"."PK_LOCATION" ON "SYS"."LOCATION" ("LOCATION_ID") 
  PCTFREE 10 INITRANS 2 MAXTRANS 255 COMPUTE STATISTICS 
  STORAGE(INITIAL 65536 NEXT 1048576 MINEXTENTS 1 MAXEXTENTS 2147483645
  PCTINCREASE 0 FREELISTS 1 FREELIST GROUPS 1
  BUFFER_POOL DEFAULT FLASH_CACHE DEFAULT CELL_FLASH_CACHE DEFAULT)
  TABLESPACE "SYSTEM" ;
--------------------------------------------------------
--  Constraints for Table TAX
--------------------------------------------------------

  ALTER TABLE "SYS"."TAX" MODIFY ("TAX_ID" NOT NULL ENABLE);
  ALTER TABLE "SYS"."TAX" MODIFY ("TAX_NAME" NOT NULL ENABLE);
  ALTER TABLE "SYS"."TAX" MODIFY ("TAX_ACTIVE_DATE" NOT NULL ENABLE);
  ALTER TABLE "SYS"."TAX" MODIFY ("TAX_INACTIVE_DATE" NOT NULL ENABLE);
  ALTER TABLE "SYS"."TAX" MODIFY ("TAX_LOCATION_ID" NOT NULL ENABLE);
  ALTER TABLE "SYS"."TAX" ADD CONSTRAINT "PK_TAX" PRIMARY KEY ("TAX_ID")
  USING INDEX "SYS"."PK_TAX"  ENABLE;
--------------------------------------------------------
--  Constraints for Table TAX_RATE
--------------------------------------------------------

  ALTER TABLE "SYS"."TAX_RATE" MODIFY ("TR_ID" NOT NULL ENABLE);
  ALTER TABLE "SYS"."TAX_RATE" MODIFY ("TR_TAX_ID" NOT NULL ENABLE);
--------------------------------------------------------
--  Constraints for Table LOCATION
--------------------------------------------------------

  ALTER TABLE "SYS"."LOCATION" MODIFY ("LOCATION_ID" NOT NULL ENABLE);
  ALTER TABLE "SYS"."LOCATION" MODIFY ("LOCATION_NAME" NOT NULL ENABLE);
  ALTER TABLE "SYS"."LOCATION" ADD CONSTRAINT "PK_LOCATION" PRIMARY KEY ("LOCATION_ID")
  USING INDEX "SYS"."PK_LOCATION"  ENABLE;
--------------------------------------------------------
--  Ref Constraints for Table TAX
--------------------------------------------------------

  ALTER TABLE "SYS"."TAX" ADD CONSTRAINT "FK_TAX_LOCATION" FOREIGN KEY ("TAX_LOCATION_ID")
	  REFERENCES "SYS"."LOCATION" ("LOCATION_ID") DEFERRABLE ENABLE;
